대단원,대단원 주제,중단원,중단원 주제,소단원,소단원 주제,page,학습일,성취 수준,담당쌤
1,소인수분해,1,소인수분해,01,소수와 합성수,8,,,
1,소인수분해,1,소인수분해,01,소수와 합성수,9,,,
1,소인수분해,1,소인수분해,02,거듭제곱,10,,,
1,소인수분해,1,소인수분해,02,거듭제곱,11,,,
1,소인수분해,1,소인수분해,90,배운대로 학습하기,12,,,
1,소인수분해,1,소인수분해,03,소인수분해,13,,,
1,소인수분해,1,소인수분해,03,소인수분해,14,,,
1,소인수분해,1,소인수분해,04,소인수분해를 이용하여 약수 구하기,15,,,
1,소인수분해,1,소인수분해,04,소인수분해를 이용하여 약수 구하기,16,,,
1,소인수분해,1,소인수분해,04,소인수분해를 이용하여 약수 구하기,17,,,
1,소인수분해,1,소인수분해,90,배운대로 학습하기,18,,,
1,소인수분해,1,소인수분해,90,배운대로 학습하기,19,,,
1,소인수분해,1,소인수분해,93,서술형 훈련하기,20,,,
1,소인수분해,1,소인수분해,93,서술형 훈련하기,21,,,
1,소인수분해,1,소인수분해,91,중단원 마무리하기,22,,,
1,소인수분해,1,소인수분해,91,중단원 마무리하기,23,,,
1,소인수분해,1,소인수분해,91,중단원 마무리하기,24,,,
1,소인수분해,2,최대공약수와 최소공배수,91,중단원 마무리하기,25,,,
1,소인수분해,2,최대공약수와 최소공배수,01,최대공약수,26,,,
1,소인수분해,2,최대공약수와 최소공배수,01,최대공약수,27,,,
1,소인수분해,2,최대공약수와 최소공배수,02,최대공약수 구하기,28,,,
1,소인수분해,2,최대공약수와 최소공배수,02,최대공약수 구하기,29,,,
1,소인수분해,2,최대공약수와 최소공배수,02,최대공약수 구하기,30,,,
1,소인수분해,2,최대공약수와 최소공배수,90,배운대로 학습하기,31,,,
1,소인수분해,2,최대공약수와 최소공배수,03,최소공배수,32,,,
1,소인수분해,2,최대공약수와 최소공배수,03,최소공배수,33,,,
1,소인수분해,2,최대공약수와 최소공배수,04,최소공배수 구하기,34,,,
1,소인수분해,2,최대공약수와 최소공배수,04,최소공배수 구하기,35,,,
1,소인수분해,2,최대공약수와 최소공배수,04,최소공배수 구하기,36,,,
1,소인수분해,2,최대공약수와 최소공배수,04,최소공배수 구하기,37,,,
1,소인수분해,2,최대공약수와 최소공배수,05,최대공약수와 최소공배수의 관계,38,,,
1,소인수분해,2,최대공약수와 최소공배수,05,최대공약수와 최소공배수의 관계,39,,,
1,소인수분해,2,최대공약수와 최소공배수,90,배운대로 학습하기,40,,,
1,소인수분해,2,최대공약수와 최소공배수,90,배운대로 학습하기,41,,,
1,소인수분해,2,최대공약수와 최소공배수,93,서술형 훈련하기,42,,,
1,소인수분해,2,최대공약수와 최소공배수,93,서술형 훈련하기,43,,,
1,소인수분해,2,최대공약수와 최소공배수,91,중단원 마무리하기,44,,,
1,소인수분해,2,최대공약수와 최소공배수,91,중단원 마무리하기,45,,,
1,소인수분해,2,최대공약수와 최소공배수,91,중단원 마무리하기,46,,,
1,소인수분해,2,최대공약수와 최소공배수,91,중단원 마무리하기,47,,,
2,정수와 유리수,3,정수와 유리수,01,"양수와 음수, 정수",50,,,
2,정수와 유리수,3,정수와 유리수,01,"양수와 음수, 정수",51,,,
2,정수와 유리수,3,정수와 유리수,02,유리수,52,,,
2,정수와 유리수,3,정수와 유리수,02,유리수,53,,,
2,정수와 유리수,3,정수와 유리수,03,수직선,54,,,
2,정수와 유리수,3,정수와 유리수,03,수직선,55,,,
2,정수와 유리수,3,정수와 유리수,03,수직선,56,,,
2,정수와 유리수,3,정수와 유리수,90,배운대로 학습하기,57,,,
2,정수와 유리수,3,정수와 유리수,90,배운대로 학습하기,58,,,
2,정수와 유리수,3,정수와 유리수,04,절댓값,59,,,
2,정수와 유리수,3,정수와 유리수,04,절댓값,60,,,
2,정수와 유리수,3,정수와 유리수,04,절댓값,61,,,
2,정수와 유리수,3,정수와 유리수,05,수의 대소 관계,62,,,
2,정수와 유리수,3,정수와 유리수,05,수의 대소 관계,63,,,
2,정수와 유리수,3,정수와 유리수,90,배운대로 학습하기,64,,,
2,정수와 유리수,3,정수와 유리수,90,배운대로 학습하기,65,,,
2,정수와 유리수,3,정수와 유리수,93,서술형 훈련하기,66,,,
2,정수와 유리수,3,정수와 유리수,93,서술형 훈련하기,67,,,
2,정수와 유리수,3,정수와 유리수,91,중단원 마무리하기,68,,,
2,정수와 유리수,3,정수와 유리수,91,중단원 마무리하기,69,,,
2,정수와 유리수,3,정수와 유리수,91,중단원 마무리하기,70,,,
2,정수와 유리수,4,정수와 유리수의 덧셈과 뺄셈,01,유리수의 덧셈,72,,,
2,정수와 유리수,4,정수와 유리수의 덧셈과 뺄셈,01,유리수의 덧셈,73,,,
2,정수와 유리수,4,정수와 유리수의 덧셈과 뺄셈,02,덧셈의 계산 법칙,74,,,
2,정수와 유리수,4,정수와 유리수의 덧셈과 뺄셈,02,덧셈의 계산 법칙,75,,,
2,정수와 유리수,4,정수와 유리수의 덧셈과 뺄셈,90,배운대로 학습하기,76,,,
2,정수와 유리수,4,정수와 유리수의 덧셈과 뺄셈,03,유리수의 뺄셈,77,,,
2,정수와 유리수,4,정수와 유리수의 덧셈과 뺄셈,03,유리수의 뺄셈,78,,,
2,정수와 유리수,4,정수와 유리수의 덧셈과 뺄셈,04,덧셈과 뺄셈의 혼합 계산,79,,,
2,정수와 유리수,4,정수와 유리수의 덧셈과 뺄셈,04,덧셈과 뺄셈의 혼합 계산,80,,,
2,정수와 유리수,4,정수와 유리수의 덧셈과 뺄셈,04,덧셈과 뺄셈의 혼합 계산,81,,,
2,정수와 유리수,4,정수와 유리수의 덧셈과 뺄셈,90,배운대로 학습하기,82,,,
2,정수와 유리수,4,정수와 유리수의 덧셈과 뺄셈,90,배운대로 학습하기,83,,,
2,정수와 유리수,4,정수와 유리수의 덧셈과 뺄셈,93,서술형 훈련하기,84,,,
2,정수와 유리수,4,정수와 유리수의 덧셈과 뺄셈,93,서술형 훈련하기,85,,,
2,정수와 유리수,4,정수와 유리수의 덧셈과 뺄셈,91,중단원 마무리하기,86,,,
2,정수와 유리수,4,정수와 유리수의 덧셈과 뺄셈,91,중단원 마무리하기,87,,,
2,정수와 유리수,4,정수와 유리수의 덧셈과 뺄셈,91,중단원 마무리하기,88,,,
2,정수와 유리수,5,정수와 유리수의 곱셈과 나눗셈,01,유리수의 곱셈,90,,,
2,정수와 유리수,5,정수와 유리수의 곱셈과 나눗셈,01,유리수의 곱셈,91,,,
2,정수와 유리수,5,정수와 유리수의 곱셈과 나눗셈,02,곱셈의 계산 법칙,92,,,
2,정수와 유리수,5,정수와 유리수의 곱셈과 나눗셈,02,곱셈의 계산 법칙,93,,,
2,정수와 유리수,5,정수와 유리수의 곱셈과 나눗셈,03,세 개 이상의 유리수의 곱셈,94,,,
2,정수와 유리수,5,정수와 유리수의 곱셈과 나눗셈,03,세 개 이상의 유리수의 곱셈,95,,,
2,정수와 유리수,5,정수와 유리수의 곱셈과 나눗셈,04,분배법칙,96,,,
2,정수와 유리수,5,정수와 유리수의 곱셈과 나눗셈,04,분배법칙,97,,,
2,정수와 유리수,5,정수와 유리수의 곱셈과 나눗셈,90,배운대로 학습하기,98,,,
2,정수와 유리수,5,정수와 유리수의 곱셈과 나눗셈,90,배운대로 학습하기,99,,,
2,정수와 유리수,5,정수와 유리수의 곱셈과 나눗셈,05,유리수의 나눗셈,100,,,
2,정수와 유리수,5,정수와 유리수의 곱셈과 나눗셈,05,유리수의 나눗셈,101,,,
2,정수와 유리수,5,정수와 유리수의 곱셈과 나눗셈,06,정수와 유리수의 혼합 계산,102,,,
2,정수와 유리수,5,정수와 유리수의 곱셈과 나눗셈,06,정수와 유리수의 혼합 계산,103,,,
2,정수와 유리수,5,정수와 유리수의 곱셈과 나눗셈,06,정수와 유리수의 혼합 계산,104,,,
2,정수와 유리수,5,정수와 유리수의 곱셈과 나눗셈,06,정수와 유리수의 혼합 계산,105,,,
2,정수와 유리수,5,정수와 유리수의 곱셈과 나눗셈,90,배운대로 학습하기,106,,,
2,정수와 유리수,5,정수와 유리수의 곱셈과 나눗셈,90,배운대로 학습하기,107,,,
2,정수와 유리수,5,정수와 유리수의 곱셈과 나눗셈,93,서술형 훈련하기,108,,,
2,정수와 유리수,5,정수와 유리수의 곱셈과 나눗셈,93,서술형 훈련하기,109,,,
2,정수와 유리수,5,정수와 유리수의 곱셈과 나눗셈,91,중단원 마무리하기,110,,,
2,정수와 유리수,5,정수와 유리수의 곱셈과 나눗셈,91,중단원 마무리하기,111,,,
2,정수와 유리수,5,정수와 유리수의 곱셈과 나눗셈,91,중단원 마무리하기,112,,,
2,정수와 유리수,5,정수와 유리수의 곱셈과 나눗셈,91,중단원 마무리하기,113,,,
3,문자와 식,6,문자와 식,01,곱셈 기호와 나눗셈 기호의 생략,116,,,
3,문자와 식,6,문자와 식,01,곱셈 기호와 나눗셈 기호의 생략,117,,,
3,문자와 식,6,문자와 식,02,문자의 사용,118,,,
3,문자와 식,6,문자와 식,02,문자의 사용,119,,,
3,문자와 식,6,문자와 식,03,식의 값,120,,,
3,문자와 식,6,문자와 식,03,식의 값,121,,,
3,문자와 식,6,문자와 식,90,배운대로 학습하기,122,,,
3,문자와 식,6,문자와 식,04,다항식과 일차식,123,,,
3,문자와 식,6,문자와 식,04,다항식과 일차식,124,,,
3,문자와 식,6,문자와 식,05,"일차식과 수의 곱셈, 나눗셈",125,,,
3,문자와 식,6,문자와 식,05,"일차식과 수의 곱셈, 나눗셈",126,,,
3,문자와 식,6,문자와 식,90,배운대로 학습하기,127,,,
3,문자와 식,6,문자와 식,06,동류항,128,,,
3,문자와 식,6,문자와 식,06,동류항,129,,,
3,문자와 식,6,문자와 식,07,일차식의 덧셈과 뺄셈,130,,,
3,문자와 식,6,문자와 식,07,일차식의 덧셈과 뺄셈,131,,,
3,문자와 식,6,문자와 식,07,일차식의 덧셈과 뺄셈,132,,,
3,문자와 식,6,문자와 식,07,일차식의 덧셈과 뺄셈,133,,,
3,문자와 식,6,문자와 식,90,배운대로 학습하기,134,,,
3,문자와 식,6,문자와 식,90,배운대로 학습하기,135,,,
3,문자와 식,6,문자와 식,93,서술형 훈련하기,136,,,
3,문자와 식,6,문자와 식,93,서술형 훈련하기,137,,,
3,문자와 식,6,문자와 식,91,중단원 마무리하기,138,,,
3,문자와 식,6,문자와 식,91,중단원 마무리하기,139,,,
3,문자와 식,6,문자와 식,91,중단원 마무리하기,140,,,
3,문자와 식,7,일차방정식의 풀이,01,방정식과 항등식,142,,,
3,문자와 식,7,일차방정식의 풀이,01,방정식과 항등식,143,,,
3,문자와 식,7,일차방정식의 풀이,01,방정식과 항등식,144,,,
3,문자와 식,7,일차방정식의 풀이,02,등식의 성질,145,,,
3,문자와 식,7,일차방정식의 풀이,02,등식의 성질,146,,,
3,문자와 식,7,일차방정식의 풀이,90,배운대로 학습하기,147,,,
3,문자와 식,7,일차방정식의 풀이,03,일차방정식,148,,,
3,문자와 식,7,일차방정식의 풀이,03,일차방정식,149,,,
3,문자와 식,7,일차방정식의 풀이,04,일차방정식의 풀이,150,,,
3,문자와 식,7,일차방정식의 풀이,04,일차방정식의 풀이,151,,,
3,문자와 식,7,일차방정식의 풀이,05,복잡한 일차방정식의 풀이,152,,,
3,문자와 식,7,일차방정식의 풀이,05,복잡한 일차방정식의 풀이,153,,,
3,문자와 식,7,일차방정식의 풀이,05,복잡한 일차방정식의 풀이,154,,,
3,문자와 식,7,일차방정식의 풀이,05,복잡한 일차방정식의 풀이,155,,,
3,문자와 식,7,일차방정식의 풀이,90,배운대로 학습하기,156,,,
3,문자와 식,7,일차방정식의 풀이,90,배운대로 학습하기,157,,,
3,문자와 식,7,일차방정식의 풀이,93,서술형 훈련하기,158,,,
3,문자와 식,7,일차방정식의 풀이,93,서술형 훈련하기,159,,,
3,문자와 식,7,일차방정식의 풀이,91,중단원 마무리하기,160,,,
3,문자와 식,7,일차방정식의 풀이,91,중단원 마무리하기,161,,,
3,문자와 식,7,일차방정식의 풀이,91,중단원 마무리하기,162,,,
3,문자와 식,8,일차방정식의 활용,01,일차방정식의 활용(1),164,,,
3,문자와 식,8,일차방정식의 활용,01,일차방정식의 활용(1),165,,,
3,문자와 식,8,일차방정식의 활용,01,일차방정식의 활용(1),166,,,
3,문자와 식,8,일차방정식의 활용,01,일차방정식의 활용(1),167,,,
3,문자와 식,8,일차방정식의 활용,01,일차방정식의 활용(1),168,,,
3,문자와 식,8,일차방정식의 활용,90,배운대로 학습하기,169,,,
3,문자와 식,8,일차방정식의 활용,02,일차방정식의 활용(2),170,,,
3,문자와 식,8,일차방정식의 활용,02,일차방정식의 활용(2),171,,,
3,문자와 식,8,일차방정식의 활용,02,일차방정식의 활용(2),172,,,
3,문자와 식,8,일차방정식의 활용,03,일차방정식의 활용(3),173,,,
3,문자와 식,8,일차방정식의 활용,03,일차방정식의 활용(3),174,,,
3,문자와 식,8,일차방정식의 활용,90,배운대로 학습하기,175,,,
3,문자와 식,8,일차방정식의 활용,93,서술형 훈련하기,176,,,
3,문자와 식,8,일차방정식의 활용,93,서술형 훈련하기,177,,,
3,문자와 식,8,일차방정식의 활용,91,중단원 마무리하기,178,,,
3,문자와 식,8,일차방정식의 활용,91,중단원 마무리하기,179,,,
3,문자와 식,8,일차방정식의 활용,91,중단원 마무리하기,180,,,
3,문자와 식,8,일차방정식의 활용,91,중단원 마무리하기,181,,,
4,좌표평면과 그래프,9,순서쌍과 좌표,01,순서쌍과 좌표,184,,,
4,좌표평면과 그래프,9,순서쌍과 좌표,01,순서쌍과 좌표,185,,,
4,좌표평면과 그래프,9,순서쌍과 좌표,01,순서쌍과 좌표,186,,,
4,좌표평면과 그래프,9,순서쌍과 좌표,02,사분면,187,,,
4,좌표평면과 그래프,9,순서쌍과 좌표,02,사분면,188,,,
4,좌표평면과 그래프,9,순서쌍과 좌표,02,사분면,189,,,
4,좌표평면과 그래프,9,순서쌍과 좌표,90,배운대로 학습하기,190,,,
4,좌표평면과 그래프,9,순서쌍과 좌표,90,배운대로 학습하기,191,,,
4,좌표평면과 그래프,9,순서쌍과 좌표,03,그래프,192,,,
4,좌표평면과 그래프,9,순서쌍과 좌표,03,그래프,193,,,
4,좌표평면과 그래프,9,순서쌍과 좌표,03,그래프,194,,,
4,좌표평면과 그래프,9,순서쌍과 좌표,03,그래프,195,,,
4,좌표평면과 그래프,9,순서쌍과 좌표,90,배운대로 학습하기,196,,,
4,좌표평면과 그래프,9,순서쌍과 좌표,90,배운대로 학습하기,197,,,
4,좌표평면과 그래프,9,순서쌍과 좌표,93,서술형 훈련하기,198,,,
4,좌표평면과 그래프,9,순서쌍과 좌표,93,서술형 훈련하기,199,,,
4,좌표평면과 그래프,9,순서쌍과 좌표,91,중단원 마무리하기,200,,,
4,좌표평면과 그래프,9,순서쌍과 좌표,91,중단원 마무리하기,201,,,
4,좌표평면과 그래프,9,순서쌍과 좌표,91,중단원 마무리하기,202,,,
4,좌표평면과 그래프,10,정비례와 반비례,01,정비례,204,,,
4,좌표평면과 그래프,10,정비례와 반비례,01,정비례,205,,,
4,좌표평면과 그래프,10,정비례와 반비례,02,정비례 관계 y=ax의 그래프,206,,,
4,좌표평면과 그래프,10,정비례와 반비례,02,정비례 관계 y=ax의 그래프,207,,,
4,좌표평면과 그래프,10,정비례와 반비례,02,정비례 관계 y=ax의 그래프,208,,,
4,좌표평면과 그래프,10,정비례와 반비례,02,정비례 관계 y=ax의 그래프,209,,,
4,좌표평면과 그래프,10,정비례와 반비례,90,배운대로 학습하기,210,,,
4,좌표평면과 그래프,10,정비례와 반비례,03,반비례,211,,,
4,좌표평면과 그래프,10,정비례와 반비례,03,반비례,212,,,
4,좌표평면과 그래프,10,정비례와 반비례,04,반비례 관계 y=a/x의 그래프,213,,,
4,좌표평면과 그래프,10,정비례와 반비례,04,반비례 관계 y=a/x의 그래프,214,,,
4,좌표평면과 그래프,10,정비례와 반비례,04,반비례 관계 y=a/x의 그래프,215,,,
4,좌표평면과 그래프,10,정비례와 반비례,04,반비례 관계 y=a/x의 그래프,216,,,
4,좌표평면과 그래프,10,정비례와 반비례,04,반비례 관계 y=a/x의 그래프,217,,,
4,좌표평면과 그래프,10,정비례와 반비례,90,배운대로 학습하기,218,,,
4,좌표평면과 그래프,10,정비례와 반비례,90,배운대로 학습하기,219,,,
4,좌표평면과 그래프,10,정비례와 반비례,93,서술형 훈련하기,220,,,
4,좌표평면과 그래프,10,정비례와 반비례,93,서술형 훈련하기,221,,,
4,좌표평면과 그래프,10,정비례와 반비례,91,중단원 마무리하기,222,,,
4,좌표평면과 그래프,10,정비례와 반비례,91,중단원 마무리하기,223,,,
4,좌표평면과 그래프,10,정비례와 반비례,91,중단원 마무리하기,224,,,